county_fips,aor
06079,Los Angeles
06081,San Francisco
06091,San Francisco
06067,San Francisco
06107,San Francisco
06069,San Francisco
36005,New York City
36119,New York City
36053,Buffalo
36029,Buffalo
48287,Houston
36091,Buffalo
36031,Buffalo
48037,Dallas
48273,Harlingen
48229,El Paso
48419,Houston
48301,El Paso
06007,San Francisco
06047,San Francisco
36113,Buffalo
36017,Buffalo
36051,Buffalo
48339,Houston
48029,San Antonio
48245,Houston
48457,Houston
48157,Houston
48139,Dallas
48499,Dallas
48041,Houston
48459,Dallas
48343,Dallas
48393,Dallas
48289,Houston
48349,Dallas
48185,Houston
48467,Dallas
48125,Dallas
48105,Dallas
48415,Dallas
48379,Dallas
48261,Harlingen
06109,San Francisco
06059,Los Angeles
06037,Los Angeles
06087,San Francisco
06097,San Francisco
06041,San Francisco
06001,San Francisco
06003,San Francisco
06061,San Francisco
06057,San Francisco
36063,Buffalo
36045,Buffalo
06113,San Francisco
36047,New York City
36075,Buffalo
36071,New York City
48213,Dallas
48355,Harlingen
48427,Harlingen
48409,Harlingen
48039,Houston
48443,El Paso
48211,Dallas
48067,Dallas
06019,San Francisco
06105,San Francisco
06089,San Francisco
06115,San Francisco
06011,San Francisco
48387,Dallas
48219,Dallas
48127,San Antonio
48471,Houston
48089,Houston
48131,Harlingen
48475,El Paso
48225,Houston
48347,Houston
48153,Dallas
48469,Houston
48223,Dallas
48025,Houston
48119,Dallas
48455,Houston
48015,Houston
48151,Dallas
48407,Houston
48405,Houston
48477,Houston
48435,Dallas
48071,Houston
48377,El Paso
48087,Dallas
48269,Dallas
48345,Dallas
06065,Los Angeles
06013,San Francisco
06023,San Francisco
36061,New York City
36059,New York City
36111,New York City
48061,Harlingen
06073,San Diego
06053,San Francisco
06045,San Francisco
06017,San Francisco
06093,San Francisco
48473,Houston
48161,Houston
48453,San Antonio
48495,El Paso
48491,San Antonio
48423,Dallas
48461,El Paso
48373,Houston
48241,Houston
48449,Dallas
48389,El Paso
48437,Dallas
48173,Dallas
06039,San Francisco
06033,San Francisco
36077,Buffalo
36067,Buffalo
06111,Los Angeles
06101,San Francisco
36013,Buffalo
36009,Buffalo
36105,New York City
36065,Buffalo
48361,Houston
48167,Houston
48007,Harlingen
48465,San Antonio
48403,Houston
48315,Dallas
06021,San Francisco
06043,San Francisco
48257,Dallas
48277,Dallas
48005,Houston
48507,San Antonio
48401,Dallas
48003,El Paso
48395,Houston
48371,El Paso
48051,Houston
48239,Houston
48351,Houston
48103,El Paso
48237,Dallas
48327,Dallas
48053,San Antonio
48463,San Antonio
48311,San Antonio
06071,Los Angeles
36025,Buffalo
06099,San Francisco
48187,San Antonio
06025,San Diego
06085,San Francisco
06009,San Francisco
48203,Dallas
48391,Houston
06103,San Francisco
48057,Houston
48133,Dallas
48155,Dallas
06083,Los Angeles
06051,San Francisco
36103,New York City
06015,San Francisco
06055,San Francisco
48073,Dallas
48063,Dallas
48141,El Paso
36043,Buffalo
48001,Dallas
48199,Houston
48243,El Paso
48329,El Paso
48323,San Antonio
48503,Dallas
06095,San Francisco
48043,El Paso
48333,Dallas
06049,San Francisco
36115,Buffalo
48215,Harlingen
06077,San Francisco
06027,San Francisco
48481,Houston
48169,Dallas
36095,Buffalo
36003,Buffalo
36011,Buffalo
36069,Buffalo
36039,Buffalo
36037,Buffalo
36049,Buffalo
48135,El Paso
48055,San Antonio
48445,Dallas
48497,Dallas
48069,Dallas
48309,Houston
48331,Houston
48091,San Antonio
48183,Dallas
48195,Dallas
48353,Dallas
48031,San Antonio
48297,Houston
48179,Dallas
48123,Houston
48285,Houston
48247,Harlingen
48045,Dallas
48383,Dallas
48283,San Antonio
48205,Dallas
48033,Dallas
06063,San Francisco
48321,Houston
48337,Dallas
48077,Dallas
48295,Dallas
48079,Dallas
48487,Dallas
48117,Dallas
36015,Buffalo
36007,Buffalo
36055,Buffalo
36001,Buffalo
06005,San Francisco
48489,Harlingen
48479,Harlingen
48201,Houston
48165,Dallas
48369,Dallas
48147,Dallas
48111,Dallas
36101,Buffalo
36073,Buffalo
36079,New York City
36081,New York City
36033,Buffalo
36083,Buffalo
36021,Buffalo
36107,Buffalo
36057,Buffalo
36099,Buffalo
36109,Buffalo
48085,Dallas
36023,Buffalo
48431,Dallas
36097,Buffalo
36041,Buffalo
48209,San Antonio
48121,Dallas
48303,Dallas
48399,Dallas
48259,San Antonio
48325,San Antonio
48249,Harlingen
48193,Houston
48293,Houston
48191,Dallas
48305,Dallas
48107,Dallas
48137,San Antonio
06075,San Francisco
48027,Houston
48021,San Antonio
48441,Dallas
48291,Houston
48197,Dallas
48483,Dallas
48017,Dallas
48439,Dallas
48485,Dallas
48307,San Antonio
48177,San Antonio
48221,Dallas
48501,Dallas
48227,Dallas
48099,Houston
48451,Dallas
48149,Houston
48447,Dallas
48009,Dallas
48013,San Antonio
48143,Dallas
48375,Dallas
48341,Dallas
48233,Dallas
48319,San Antonio
48019,San Antonio
48279,Dallas
48175,Houston
48023,Dallas
48317,El Paso
48275,Dallas
48425,Houston
48163,San Antonio
48313,Houston
48411,San Antonio
48263,Dallas
48075,Dallas
48433,Dallas
48109,El Paso
48413,Dallas
48011,Dallas
48095,Dallas
36117,Buffalo
36089,Buffalo
48421,Dallas
06031,San Francisco
36085,New York City
48365,Dallas
36093,Buffalo
36087,New York City
48265,San Antonio
48251,Dallas
48035,Houston
48081,Dallas
48217,Houston
48363,Dallas
48335,Dallas
48189,Dallas
48159,Dallas
48101,Dallas
48171,San Antonio
48093,Dallas
48049,Dallas
48267,San Antonio
48429,Dallas
48235,Dallas
48065,Dallas
48129,Dallas
36019,Buffalo
48181,Dallas
36123,Buffalo
36027,New York City
48493,San Antonio
36035,Buffalo
48253,Dallas
48417,Dallas
06035,San Francisco
48385,San Antonio
48255,San Antonio
48505,Harlingen
48357,Dallas
48097,Dallas
48115,Dallas
48381,Dallas
48207,Dallas
48281,San Antonio
48271,San Antonio
48359,Dallas
36121,Buffalo
48113,Dallas
48083,Dallas
48367,Dallas
48299,San Antonio
48047,Harlingen
48397,Dallas
48059,Dallas
48145,Houston
06029,San Francisco
48231,Dallas
01069,New Orleans
01023,New Orleans
01113,New Orleans
10005,Philadelphia
01071,New Orleans
01089,New Orleans
04015,Phoenix
05017,New Orleans
05121,New Orleans
05073,New Orleans
05057,New Orleans
08067,Denver
12007,Miami
10003,Philadelphia
09190,Boston
12009,Miami
12131,Miami
12053,Miami
12047,Miami
12065,Miami
12031,Miami
13105,Atlanta
13213,Atlanta
16073,Salt Lake City
16049,Salt Lake City
17105,Chicago
17161,Chicago
27087,St Paul
18089,Chicago
04013,Phoenix
19159,St Paul
19163,St Paul
27053,St Paul
17125,Chicago
20099,Chicago
21235,Chicago
44007,Boston
01121,New Orleans
21133,Chicago
38017,St Paul
39035,Detroit
39061,Detroit
22075,New Orleans
22031,New Orleans
22111,New Orleans
22115,New Orleans
01087,New Orleans
01041,New Orleans
24005,Baltimore
24019,Baltimore
24017,Baltimore
24015,Baltimore
25001,Boston
25017,Boston
26103,Detroit
26053,Detroit
26115,Detroit
26141,Detroit
27075,St Paul
27163,St Paul
28001,New Orleans
28087,New Orleans
28143,New Orleans
28139,New Orleans
29099,Chicago
30001,Salt Lake City
30105,Salt Lake City
30005,Salt Lake City
30029,Salt Lake City
33017,Boston
34001,Newark
34009,Newark
34041,Newark
34019,Newark
34025,Newark
34023,Newark
35045,El Paso
37047,Atlanta
37039,Atlanta
37149,Atlanta
37009,Atlanta
37055,Atlanta
37091,Atlanta
38097,St Paul
38053,St Paul
39167,Detroit
40095,Dallas
02020,Seattle
02180,Seattle
02070,Seattle
41015,Seattle
41007,Seattle
41035,Seattle
41033,Seattle
02066,Seattle
41065,Seattle
42071,Philadelphia
42095,Philadelphia
44009,Boston
45013,Atlanta
45051,Atlanta
45091,Atlanta
46023,St Paul
04007,Phoenix
47157,New Orleans
47165,New Orleans
47019,New Orleans
47123,New Orleans
47013,New Orleans
49037,Salt Lake City
49019,Salt Lake City
49049,Salt Lake City
49023,Salt Lake City
51133,Washington
51193,Washington
51073,Washington
51107,Washington
51143,Washington
51083,Washington
53053,Seattle
53067,Seattle
53005,Seattle
54047,Philadelphia
54099,Philadelphia
54037,Philadelphia
54003,Philadelphia
55003,Chicago
55051,Chicago
56039,Denver
05045,New Orleans
05011,New Orleans
05085,New Orleans
05099,New Orleans
05037,New Orleans
08059,Denver
08065,Denver
08055,Denver
12117,Miami
12041,Miami
12013,Miami
13229,Atlanta
13261,Atlanta
13021,Atlanta
13151,Atlanta
13195,Atlanta
13265,Atlanta
13267,Atlanta
13237,Atlanta
13219,Atlanta
13205,Atlanta
13201,Atlanta
16085,Salt Lake City
16005,Salt Lake City
16039,Salt Lake City
17047,Chicago
17027,Chicago
18041,Chicago
18069,Chicago
19175,St Paul
20059,Chicago
20171,Chicago
21123,Chicago
21115,Chicago
21109,Chicago
21175,Chicago
21011,Chicago
21231,Chicago
21061,Chicago
21165,Chicago
22001,New Orleans
22071,New Orleans
22103,New Orleans
22067,New Orleans
22081,New Orleans
22039,New Orleans
22043,New Orleans
22083,New Orleans
26135,Detroit
27015,St Paul
28163,New Orleans
28089,New Orleans
28101,New Orleans
29033,Chicago
29039,Chicago
29197,Chicago
30063,Salt Lake City
30097,Salt Lake City
30047,Salt Lake City
30069,Salt Lake City
30023,Salt Lake City
31115,St Paul
31005,St Paul
32011,Salt Lake City
35011,El Paso
37193,Atlanta
37159,Atlanta
37089,Atlanta
37163,Atlanta
37121,Atlanta
38069,St Paul
39067,Detroit
40145,Dallas
40133,Dallas
41017,Seattle
41031,Seattle
41055,Seattle
42051,Philadelphia
42129,Philadelphia
42023,Philadelphia
45055,Atlanta
45027,Atlanta
45017,Atlanta
46079,St Paul
47001,New Orleans
47189,New Orleans
47135,New Orleans
47045,New Orleans
47029,New Orleans
47049,New Orleans
47085,New Orleans
47185,New Orleans
47127,New Orleans
49011,Salt Lake City
49015,Salt Lake City
49051,Salt Lake City
49007,Salt Lake City
49013,Salt Lake City
49055,Salt Lake City
51109,Washington
51023,Washington
51061,Washington
51009,Washington
51161,Washington
51175,Washington
51113,Washington
53017,Seattle
54039,Philadelphia
54109,Philadelphia
54025,Philadelphia
54041,Philadelphia
55057,Chicago
55035,Chicago
56013,Denver
66010,San Francisco
69110,San Francisco
72097,Miami
72115,Miami
72141,Miami
72023,Miami
72015,Miami
78010,Miami
08033,Denver
01073,New Orleans
09170,Boston
09180,Boston
12103,Miami
12057,Miami
12075,Miami
12086,Miami
12071,Miami
12113,Miami
01043,New Orleans
12037,Miami
12073,Miami
13051,Atlanta
13185,Atlanta
13027,Atlanta
13049,Atlanta
17197,Chicago
13245,Atlanta
13241,Atlanta
13153,Atlanta
16041,Salt Lake City
01033,New Orleans
04001,Phoenix
05007,New Orleans
05139,New Orleans
05003,New Orleans
05133,New Orleans
05131,New Orleans
05015,New Orleans
05021,New Orleans
05041,New Orleans
05063,New Orleans
05019,New Orleans
08077,Denver
08123,Denver
08083,Denver
21147,Chicago
37167,Atlanta
37007,Atlanta
37155,Atlanta
01099,New Orleans
21135,Chicago
22057,New Orleans
22117,New Orleans
22029,New Orleans
22035,New Orleans
22011,New Orleans
23031,Boston
23029,Boston
23003,Boston
24041,Baltimore
24037,Baltimore
24039,Baltimore
01131,New Orleans
24011,Baltimore
24033,Baltimore
24001,Baltimore
01065,New Orleans
37129,Atlanta
37141,Atlanta
37133,Atlanta
37043,Atlanta
37113,Atlanta
37175,Atlanta
37049,Atlanta
37137,Atlanta
37177,Atlanta
37053,Atlanta
37131,Atlanta
37075,Atlanta
38077,St Paul
38105,St Paul
38099,St Paul
38067,St Paul
38085,St Paul
39043,Detroit
40065,Dallas
40141,Dallas
40067,Dallas
40023,Dallas
40135,Dallas
40089,Dallas
02130,Seattle
02185,Seattle
02290,Seattle
02220,Seattle
41051,Seattle
41021,Seattle
42133,Philadelphia
42017,Philadelphia
42049,Philadelphia
42127,Philadelphia
42029,Philadelphia
42089,Philadelphia
02100,Seattle
45045,Atlanta
45025,Atlanta
25025,Boston
25021,Boston
25013,Boston
26041,Detroit
26003,Detroit
27167,St Paul
27137,St Paul
27119,St Paul
27073,St Paul
28113,New Orleans
28151,New Orleans
28055,New Orleans
28033,New Orleans
28021,New Orleans
29201,Chicago
29183,Chicago
29013,Chicago
29087,Chicago
29171,Chicago
30053,Salt Lake City
30051,Salt Lake City
30085,Salt Lake City
30075,Salt Lake City
30035,Salt Lake City
30009,Salt Lake City
32033,Salt Lake City
32017,Salt Lake City
35029,El Paso
16043,Salt Lake City
16083,Salt Lake City
16003,Salt Lake City
16069,Salt Lake City
17153,Chicago
17045,Chicago
18147,Chicago
18129,Chicago
19111,St Paul
27145,St Paul
29037,Chicago
29019,Chicago
29159,Chicago
34031,Newark
26163,Detroit
18161,Chicago
18035,Chicago
19063,St Paul
26109,Detroit
19189,St Paul
20013,Chicago
01091,New Orleans
01101,New Orleans
01095,New Orleans
21027,Chicago
40087,Dallas
40125,Dallas
21159,Chicago
55078,Chicago
18139,Chicago
18065,Chicago
18027,Chicago
18071,Chicago
18175,Chicago
19055,St Paul
19165,St Paul
20069,Chicago
20093,Chicago
20165,Chicago
21179,Chicago
21183,Chicago
21107,Chicago
21209,Chicago
21079,Chicago
21025,Chicago
21167,Chicago
21013,Chicago
21187,Chicago
04025,Phoenix
46103,St Paul
46089,St Paul
47167,New Orleans
47055,New Orleans
47065,New Orleans
47155,New Orleans
47059,New Orleans
47147,New Orleans
47009,New Orleans
49043,Salt Lake City
50027,Boston
51185,Washington
51191,Washington
51051,Washington
51131,Washington
51179,Washington
51103,Washington
51159,Washington
51015,Washington
51181,Washington
51059,Washington
51069,Washington
53057,Seattle
53055,Seattle
53027,Seattle
53045,Seattle
53033,Seattle
53049,Seattle
53029,Seattle
54063,Philadelphia
54103,Philadelphia
54095,Philadelphia
54107,Philadelphia
54057,Philadelphia
54031,Philadelphia
54027,Philadelphia
55023,Chicago
55011,Chicago
55121,Chicago
56007,Denver
56033,Denver
56029,Denver
05097,New Orleans
05025,New Orleans
08035,Denver
08043,Denver
08027,Denver
08117,Denver
08049,Denver
08029,Denver
08091,Denver
08093,Denver
12069,Miami
12083,Miami
12023,Miami
12119,Miami
12097,Miami
12121,Miami
12125,Miami
13121,Atlanta
13013,Atlanta
13163,Atlanta
13009,Atlanta
13279,Atlanta
13001,Atlanta
13023,Atlanta
13133,Atlanta
13311,Atlanta
13301,Atlanta
13315,Atlanta
13305,Atlanta
13289,Atlanta
13249,Atlanta
15003,San Francisco
15001,San Francisco
16013,Salt Lake City
16061,Salt Lake City
16025,Salt Lake City
16015,Salt Lake City
17039,Chicago
31075,St Paul
31091,St Paul
32015,Salt Lake City
34035,Newark
35021,El Paso
35051,El Paso
37085,Atlanta
37125,Atlanta
37117,Atlanta
37051,Atlanta
37059,Atlanta
37083,Atlanta
37027,Atlanta
37127,Atlanta
37015,Atlanta
37093,Atlanta
38103,St Paul
47003,New Orleans
47053,New Orleans
47033,New Orleans
47173,New Orleans
47031,New Orleans
47119,New Orleans
47121,New Orleans
47107,New Orleans
47105,New Orleans
47141,New Orleans
47081,New Orleans
47079,New Orleans
47057,New Orleans
47159,New Orleans
38071,St Paul
39077,Detroit
39065,Detroit
40101,Dallas
40035,Dallas
40075,Dallas
42091,Philadelphia
42043,Philadelphia
42027,Philadelphia
42033,Philadelphia
42063,Philadelphia
42031,Philadelphia
42035,Philadelphia
42061,Philadelphia
42113,Philadelphia
45079,Atlanta
45047,Atlanta
45087,Atlanta
45071,Atlanta
45049,Atlanta
45005,Atlanta
46093,St Paul
46073,St Paul
46117,St Paul
47143,New Orleans
47093,New Orleans
21119,Chicago
21003,Chicago
21139,Chicago
21055,Chicago
21239,Chicago
21193,Chicago
21181,Chicago
21189,Chicago
21097,Chicago
21063,Chicago
22015,New Orleans
22077,New Orleans
22125,New Orleans
22091,New Orleans
22025,New Orleans
24027,Baltimore
26051,Detroit
27061,St Paul
27171,St Paul
27127,St Paul
27097,St Paul
27139,St Paul
27129,St Paul
27107,St Paul
27065,St Paul
28083,New Orleans
28131,New Orleans
28051,New Orleans
28157,New Orleans
28013,New Orleans
29027,Chicago
29113,Chicago
29123,Chicago
29207,Chicago
30045,Salt Lake City
30013,Salt Lake City
30007,Salt Lake City
30049,Salt Lake City
30027,Salt Lake City
30037,Salt Lake City
30039,Salt Lake City
31185,St Paul
37019,Atlanta
37119,Atlanta
37145,Atlanta
39171,Detroit
40079,Dallas
02170,Seattle
02122,Seattle
41045,Seattle
02240,Seattle
41039,Seattle
41001,Seattle
42125,Philadelphia
44005,Boston
45007,Atlanta
45083,Atlanta
46127,St Paul
04009,Phoenix
47183,New Orleans
49025,Salt Lake City
49005,Salt Lake City
49003,Salt Lake City
50009,Boston
51141,Washington
51027,Washington
51093,Washington
51095,Washington
54065,Philadelphia
54023,Philadelphia
55075,Chicago
56005,Denver
05039,New Orleans
05117,New Orleans
05067,New Orleans
05075,New Orleans
51111,Washington
51177,Washington
51087,Washington
51101,Washington
51155,Washington
51187,Washington
51137,Washington
51067,Washington
51139,Washington
51127,Washington
51125,Washington
51145,Washington
51075,Washington
51037,Washington
51063,Washington
51097,Washington
53007,Seattle
53037,Seattle
53041,Seattle
53025,Seattle
54021,Philadelphia
54033,Philadelphia
54017,Philadelphia
54085,Philadelphia
54005,Philadelphia
54093,Philadelphia
54087,Philadelphia
54001,Philadelphia
54013,Philadelphia
55111,Chicago
55113,Chicago
55001,Chicago
01003,New Orleans
01005,New Orleans
01129,New Orleans
01107,New Orleans
01049,New Orleans
21089,Chicago
04027,Phoenix
05091,New Orleans
05081,New Orleans
08023,Denver
08069,Denver
08107,Denver
09110,Boston
12123,Miami
12101,Miami
12033,Miami
12089,Miami
13039,Atlanta
13181,Atlanta
13313,Atlanta
13033,Atlanta
16029,Salt Lake City
16007,Salt Lake City
17003,Chicago
18123,Chicago
20075,Chicago
32003,Salt Lake City
22051,New Orleans
04021,Phoenix
26099,Detroit
26147,Detroit
12105,Miami
19149,St Paul
20131,Chicago
01001,New Orleans
01025,New Orleans
40113,Dallas
21095,Chicago
72127,Miami
21127,Chicago
22087,New Orleans
01047,New Orleans
22085,New Orleans
22119,New Orleans
23015,Boston
01035,New Orleans
24009,Baltimore
24043,Baltimore
26055,Detroit
26013,Detroit
26071,Detroit
27069,St Paul
27089,St Paul
28103,New Orleans
29143,Chicago
29095,Chicago
29157,Chicago
30061,Salt Lake City
30083,Salt Lake City
30057,Salt Lake City
32009,Salt Lake City
34033,Newark
34007,Newark
34015,Newark
37087,Atlanta
37021,Atlanta
37065,Atlanta
38059,St Paul
38055,St Paul
38007,St Paul
40111,Dallas
41005,Seattle
41003,Seattle
41023,Seattle
42003,Philadelphia
42041,Philadelphia
42067,Philadelphia
45075,Atlanta
45067,Atlanta
45009,Atlanta
46137,St Paul
72037,Miami
78030,Miami
12045,Miami
12029,Miami
12129,Miami
17097,Chicago
16087,Salt Lake City
05009,New Orleans
08113,Denver
08071,Denver
08057,Denver
22107,New Orleans
22017,New Orleans
23027,Boston
23017,Boston
24025,Baltimore
24047,Baltimore
24003,Baltimore
24023,Baltimore
37029,Atlanta
37161,Atlanta
38035,St Paul
39161,Detroit
02050,Seattle
41019,Seattle
42111,Philadelphia
42045,Philadelphia
42103,Philadelphia
45019,Atlanta
45003,Atlanta
45021,Atlanta
45057,Atlanta
28109,New Orleans
29023,Chicago
47063,New Orleans
47187,New Orleans
47117,New Orleans
49057,Salt Lake City
49047,Salt Lake City
49029,Salt Lake City
49017,Salt Lake City
51003,Washington
51840,Washington
51163,Washington
54081,Philadelphia
54083,Philadelphia
54007,Philadelphia
55099,Chicago
56035,Denver
72039,Miami
72139,Miami
08037,Denver
08109,Denver
09140,Boston
12001,Miami
13303,Atlanta
13157,Atlanta
13309,Atlanta
13171,Atlanta
13221,Atlanta
13317,Atlanta
13079,Atlanta
13141,Atlanta
13025,Atlanta
16035,Salt Lake City
17175,Chicago
18125,Chicago
19107,St Paul
19017,St Paul
19081,St Paul
20149,Chicago
21067,Chicago
21049,Chicago
21051,Chicago
21043,Chicago
21229,Chicago
21033,Chicago
22099,New Orleans
22063,New Orleans
22033,New Orleans
22059,New Orleans
22021,New Orleans
25015,Boston
26079,Detroit
27023,St Paul
27125,St Paul
28049,New Orleans
28053,New Orleans
29195,Chicago
29169,Chicago
30015,Salt Lake City
30073,Salt Lake City
31093,St Paul
31113,St Paul
31103,St Paul
35043,El Paso
28007,New Orleans
28029,New Orleans
29015,Chicago
29041,Chicago
30087,Salt Lake City
30055,Salt Lake City
31077,St Paul
51041,Washington
51005,Washington
51017,Washington
53065,Seattle
13307,Atlanta
56003,Denver
01097,New Orleans
04005,Phoenix
13127,Atlanta
01115,New Orleans
18061,Chicago
22105,New Orleans
46095,St Paul
23013,Boston
24013,Baltimore
21093,Chicago
27031,St Paul
34011,Newark
34021,Newark
39123,Detroit
02275,Seattle
02282,Seattle
02195,Seattle
45069,Atlanta
30089,Salt Lake City
32031,Salt Lake City
33009,Boston
35039,El Paso
35055,El Paso
17043,Chicago
27051,St Paul
18083,Chicago
19195,St Paul
12095,Miami
26089,Detroit
19125,St Paul
01055,New Orleans
21101,Chicago
21195,Chicago
01109,New Orleans
19147,St Paul
19161,St Paul
21029,Chicago
21155,Chicago
21121,Chicago
21005,Chicago
21099,Chicago
47163,New Orleans
47091,New Orleans
49033,Salt Lake City
51153,Washington
51171,Washington
53031,Seattle
53011,Seattle
53071,Seattle
53035,Seattle
53019,Seattle
54011,Philadelphia
54073,Philadelphia
05103,New Orleans
05061,New Orleans
05013,New Orleans
05095,New Orleans
08031,Denver
08015,Denver
13067,Atlanta
13029,Atlanta
13113,Atlanta
13217,Atlanta
13319,Atlanta
13107,Atlanta
15009,San Francisco
17017,Chicago
17129,Chicago
35033,El Paso
37101,Atlanta
37079,Atlanta
37057,Atlanta
37123,Atlanta
37199,Atlanta
38031,St Paul
47021,New Orleans
40117,Dallas
40027,Dallas
40077,Dallas
42099,Philadelphia
45077,Atlanta
45059,Atlanta
45085,Atlanta
45061,Atlanta
46041,St Paul
46069,St Paul
47149,New Orleans
22123,New Orleans
23023,Boston
28137,New Orleans
28161,New Orleans
51001,Washington
53009,Seattle
53047,Seattle
55007,Chicago
08019,Denver
12093,Miami
13031,Atlanta
13183,Atlanta
17155,Chicago
47145,New Orleans
47097,New Orleans
45041,Atlanta
21131,Chicago
22047,New Orleans
27103,St Paul
39003,Detroit
41047,Seattle
45015,Atlanta
51085,Washington
51047,Washington
10001,Philadelphia
13179,Atlanta
04012,Phoenix
39021,Detroit
24045,Baltimore
37165,Atlanta
02090,Seattle
45043,Atlanta
26007,Detroit
30081,Salt Lake City
16027,Salt Lake City
27013,St Paul
19101,St Paul
01009,New Orleans
21059,Chicago
22041,New Orleans
22127,New Orleans
28119,New Orleans
30099,Salt Lake City
30059,Salt Lake City
51029,Washington
51147,Washington
51031,Washington
54019,Philadelphia
54043,Philadelphia
01119,New Orleans
05107,New Orleans
13191,Atlanta
13215,Atlanta
16059,Salt Lake City
22005,New Orleans
01051,New Orleans
46123,St Paul
22065,New Orleans
24031,Baltimore
28149,New Orleans
37013,Atlanta
38087,St Paul
02110,Seattle
49045,Salt Lake City
51057,Washington
54071,Philadelphia
13089,Atlanta
13123,Atlanta
13075,Atlanta
19069,St Paul
21017,Chicago
21069,Chicago
51195,Washington
53061,Seattle
05001,New Orleans
05147,New Orleans
08013,Denver
12107,Miami
13189,Atlanta
13269,Atlanta
16033,Salt Lake City
19083,St Paul
21007,Chicago
22055,New Orleans
26119,Detroit
29029,Chicago
30077,Salt Lake City
37147,Atlanta
37099,Atlanta
38037,St Paul
41043,Seattle
42005,Philadelphia
47005,New Orleans
51149,Washington
54045,Philadelphia
78020,Miami
08005,Denver
13103,Atlanta
04003,Phoenix
22101,New Orleans
22037,New Orleans
24035,Baltimore
37095,Atlanta
37173,Atlanta
02013,Seattle
42101,Philadelphia
26029,Detroit
29031,Chicago
30031,Salt Lake City
33007,Boston
16031,Salt Lake City
17185,Chicago
26063,Detroit
27077,St Paul
46085,St Paul
18145,Chicago
20097,Chicago
21125,Chicago
49035,Salt Lake City
51790,Washington
11001,Washington
12039,Miami
17031,Chicago
23025,Boston
37031,Atlanta
39095,Detroit
02188,Seattle
25011,Boston
01063,New Orleans
30071,Salt Lake City
35007,El Paso
19089,St Paul
19045,St Paul
01117,New Orleans
47037,New Orleans
18107,Chicago
20161,Chicago
21205,Chicago
51119,Washington
51199,Washington
53075,Seattle
55029,Chicago
55037,Chicago
13139,Atlanta
16077,Salt Lake City
17035,Chicago
37153,Atlanta
37103,Atlanta
19021,St Paul
21151,Chicago
45029,Atlanta
47151,New Orleans
51091,Washington
51165,Washington
53015,Seattle
08111,Denver
13135,Atlanta
13077,Atlanta
13271,Atlanta
13283,Atlanta
16023,Salt Lake City
31171,St Paul
34013,Newark
37017,Atlanta
38005,St Paul
45035,Atlanta
46055,St Paul
21065,Chicago
22079,New Orleans
23007,Boston
27149,St Paul
28121,New Orleans
30043,Salt Lake City
40013,Dallas
51105,Washington
05069,New Orleans
51053,Washington
51830,Washington
54075,Philadelphia
05093,New Orleans
45063,Atlanta
27027,St Paul
33015,Boston
41013,Seattle
45031,Atlanta
13251,Atlanta
05145,New Orleans
29069,Chicago
51167,Washington
12055,Miami
18183,Chicago
21197,Chicago
22053,New Orleans
51117,Washington
19143,St Paul
21071,Chicago
12133,Miami
37111,Atlanta
46075,St Paul
12017,Miami
13137,Atlanta
01085,New Orleans
22113,New Orleans
25023,Boston
27043,St Paul
29189,Chicago
35017,El Paso
37139,Atlanta
42055,Philadelphia
53073,Seattle
55043,Chicago
05023,New Orleans
13019,Atlanta
18051,Chicago
21177,Chicago
22097,New Orleans
23021,Boston
27021,St Paul
35037,El Paso
37023,Atlanta
41061,Seattle
42097,Philadelphia
47035,New Orleans
01061,New Orleans
01039,New Orleans
01111,New Orleans
01059,New Orleans
01093,New Orleans
05127,New Orleans
05077,New Orleans
05005,New Orleans
05105,New Orleans
08063,Denver
08125,Denver
08099,Denver
12087,Miami
12021,Miami
45089,Atlanta
21203,Chicago
22013,New Orleans
26137,Detroit
30093,Salt Lake City
42059,Philadelphia
47025,New Orleans
05029,New Orleans
51019,Washington
51685,Washington
54067,Philadelphia
16079,Salt Lake City
24029,Baltimore
34003,Newark
39073,Detroit
37115,Atlanta
02158,Seattle
27173,St Paul
69100,San Francisco
13209,Atlanta
17189,Chicago
21031,Chicago
51530,Washington
30003,Salt Lake City
21217,Chicago
12027,Miami
47041,New Orleans
45065,Atlanta
08053,Denver
21085,Chicago
34027,Newark
51007,Washington
09130,Boston
20203,Chicago
17071,Chicago
16071,Salt Lake City
16055,Salt Lake City
17127,Chicago
17157,Chicago
12015,Miami
12059,Miami
12079,Miami
12003,Miami
13285,Atlanta
13233,Atlanta
17163,Chicago
13047,Atlanta
13295,Atlanta
13131,Atlanta
13253,Atlanta
13061,Atlanta
17117,Chicago
13045,Atlanta
17093,Chicago
18029,Chicago
18001,Chicago
18151,Chicago
18007,Chicago
26017,Detroit
26049,Detroit
26021,Detroit
17149,Chicago
17013,Chicago
17201,Chicago
18043,Chicago
19139,St Paul
27035,St Paul
17057,Chicago
17025,Chicago
18167,Chicago
20209,Chicago
17099,Chicago
20005,Chicago
21111,Chicago
40049,Dallas
45053,Atlanta
26145,Detroit
19145,St Paul
18057,Chicago
19085,St Paul
26117,Detroit
19177,St Paul
26121,Detroit
19119,St Paul
26105,Detroit
27047,St Paul
20011,Chicago
20043,Chicago
20137,Chicago
20117,Chicago
20129,Chicago
20175,Chicago
26043,Detroit
26157,Detroit
26011,Detroit
26127,Detroit
26061,Detroit
27133,St Paul
46083,St Paul
46099,St Paul
46091,St Paul
01103,New Orleans
21161,Chicago
21141,Chicago
25005,Boston
21185,Chicago
26033,Detroit
01105,New Orleans
40143,Dallas
01013,New Orleans
26027,Detroit
32019,Salt Lake City
33013,Boston
46065,St Paul
46049,St Paul
46125,St Paul
46111,St Paul
72153,Miami
72009,Miami
09160,Boston
12081,Miami
35049,El Paso
46071,St Paul
46063,St Paul
72055,Miami
12115,Miami
12111,Miami
13073,Atlanta
13291,Atlanta
12099,Miami
49041,Salt Lake City
50015,Boston
51033,Washington
51065,Washington
12005,Miami
13087,Atlanta
21225,Chicago
39059,Detroit
39147,Detroit
37183,Atlanta
37081,Atlanta
51680,Washington
51183,Washington
51730,Washington
13281,Atlanta
13119,Atlanta
13149,Atlanta
39049,Detroit
39153,Detroit
37191,Atlanta
37151,Atlanta
37169,Atlanta
51690,Washington
51660,Washington
51620,Washington
54015,Philadelphia
01075,New Orleans
01019,New Orleans
39173,Detroit
39013,Detroit
37197,Atlanta
38003,St Paul
38101,St Paul
54097,Philadelphia
55055,Chicago
55141,Chicago
01077,New Orleans
01083,New Orleans
47061,New Orleans
47077,New Orleans
38061,St Paul
38049,St Paul
55133,Chicago
55119,Chicago
56031,Denver
56043,Denver
72113,Miami
01015,New Orleans
04019,Phoenix
47087,New Orleans
39089,Detroit
39165,Detroit
39119,Detroit
56019,Denver
72043,Miami
04017,Phoenix
05113,New Orleans
05031,New Orleans
39139,Detroit
39163,Detroit
39027,Detroit
39115,Detroit
72111,Miami
72147,Miami
05027,New Orleans
08007,Denver
08081,Denver
08009,Denver
39131,Detroit
40063,Dallas
40019,Dallas
40137,Dallas
72031,Miami
72125,Miami
08115,Denver
01021,New Orleans
21163,Chicago
40099,Dallas
40057,Dallas
40029,Dallas
72035,Miami
72071,Miami
72041,Miami
72007,Miami
41067,Seattle
41071,Seattle
72003,Miami
72143,Miami
72101,Miami
72109,Miami
29017,Chicago
29139,Chicago
29179,Chicago
30019,Salt Lake City
41069,Seattle
42019,Philadelphia
72151,Miami
72131,Miami
72017,Miami
72137,Miami
72005,Miami
31037,St Paul
31155,St Paul
42025,Philadelphia
42079,Philadelphia
72133,Miami
72025,Miami
72051,Miami
72093,Miami
31047,St Paul
31059,St Paul
31123,St Paul
31181,St Paul
42087,Philadelphia
42053,Philadelphia
72063,Miami
72001,Miami
38065,St Paul
08103,Denver
08075,Denver
31179,St Paul
31073,St Paul
31069,St Paul
45037,Atlanta
45039,Atlanta
72047,Miami
72045,Miami
72029,Miami
19019,St Paul
19073,St Paul
19077,St Paul
19029,St Paul
19047,St Paul
19117,St Paul
29067,Chicago
29151,Chicago
29121,Chicago
39099,Detroit
40001,Dallas
05125,New Orleans
05137,New Orleans
19091,St Paul
19099,St Paul
19009,St Paul
19003,St Paul
19093,St Paul
29061,Chicago
29049,Chicago
29063,Chicago
40041,Dallas
40115,Dallas
41025,Seattle
05051,New Orleans
05101,New Orleans
05109,New Orleans
08001,Denver
08047,Denver
20087,Chicago
20205,Chicago
20111,Chicago
20167,Chicago
20057,Chicago
29071,Chicago
29167,Chicago
29055,Chicago
41041,Seattle
41057,Seattle
08095,Denver
08121,Denver
12019,Miami
20197,Chicago
20061,Chicago
20105,Chicago
27011,St Paul
27017,St Paul
41027,Seattle
42117,Philadelphia
42123,Philadelphia
45073,Atlanta
12067,Miami
13057,Atlanta
20017,Chicago
20083,Chicago
21157,Chicago
21211,Chicago
28059,New Orleans
28057,New Orleans
46101,St Paul
47131,New Orleans
13129,Atlanta
13231,Atlanta
21073,Chicago
21199,Chicago
21215,Chicago
28093,New Orleans
29145,Chicago
47067,New Orleans
47103,New Orleans
13011,Atlanta
13167,Atlanta
21077,Chicago
21201,Chicago
29133,Chicago
29163,Chicago
13299,Atlanta
13085,Atlanta
13227,Atlanta
21087,Chicago
21045,Chicago
29081,Chicago
29217,Chicago
30041,Salt Lake City
49053,Salt Lake City
13125,Atlanta
13273,Atlanta
21039,Chicago
22089,New Orleans
31135,St Paul
31083,St Paul
31055,St Paul
49021,Salt Lake City
50005,Boston
50001,Boston
13173,Atlanta
13169,Atlanta
22049,New Orleans
23001,Boston
26067,Detroit
31065,St Paul
31051,St Paul
32007,Salt Lake City
51650,Washington
51169,Washington
13199,Atlanta
26025,Detroit
26015,Detroit
26075,Detroit
27147,St Paul
32013,Salt Lake City
33005,Boston
34005,Newark
35003,El Paso
51740,Washington
51735,Washington
13177,Atlanta
15007,San Francisco
27003,St Paul
27143,St Paul
27041,St Paul
35025,El Paso
35035,El Paso
53063,Seattle
54061,Philadelphia
16065,Salt Lake City
17109,Chicago
27059,St Paul
27093,St Paul
27083,St Paul
28081,New Orleans
28133,New Orleans
54029,Philadelphia
55093,Chicago
17021,Chicago
17135,Chicago
17191,Chicago
28015,New Orleans
28125,New Orleans
28069,New Orleans
37171,Atlanta
37045,Atlanta
55061,Chicago
55045,Chicago
55091,Chicago
18053,Chicago
18085,Chicago
18045,Chicago
18103,Chicago
28077,New Orleans
28129,New Orleans
29083,Chicago
29187,Chicago
38081,St Paul
38023,St Paul
38009,St Paul
56037,Denver
56015,Denver
05115,New Orleans
18131,Chicago
18095,Chicago
18055,Chicago
18073,Chicago
29089,Chicago
29077,Chicago
29223,Chicago
39001,Detroit
39081,Detroit
05149,New Orleans
05059,New Orleans
18121,Chicago
18117,Chicago
19031,St Paul
19049,St Paul
18105,Chicago
19001,St Paul
19037,St Paul
20179,Chicago
20051,Chicago
50017,Boston
50007,Boston
54059,Philadelphia
13071,Atlanta
13235,Atlanta
13243,Atlanta
17063,Chicago
17139,Chicago
18113,Chicago
18015,Chicago
20139,Chicago
20065,Chicago
20123,Chicago
20145,Chicago
20055,Chicago
20187,Chicago
50021,Boston
13091,Atlanta
13165,Atlanta
18011,Chicago
18149,Chicago
47179,New Orleans
20031,Chicago
20041,Chicago
20193,Chicago
20067,Chicago
20049,Chicago
51035,Washington
51810,Washington
31071,St Paul
31009,St Paul
31007,St Paul
31149,St Paul
32001,Salt Lake City
47017,New Orleans
47113,New Orleans
47071,New Orleans
20159,Chicago
20025,Chicago
20141,Chicago
21227,Chicago
51590,Washington
51115,Washington
32510,Salt Lake City
32029,Salt Lake City
35061,El Paso
47043,New Orleans
21149,Chicago
21001,Chicago
51800,Washington
51025,Washington
35057,El Paso
35047,El Paso
35005,El Paso
47007,New Orleans
47153,New Orleans
21137,Chicago
21021,Chicago
51043,Washington
53013,Seattle
35028,El Paso
54009,Philadelphia
54089,Philadelphia
21129,Chicago
21233,Chicago
54055,Philadelphia
54077,Philadelphia
37001,Atlanta
37063,Atlanta
54035,Philadelphia
55127,Chicago
21171,Chicago
21091,Chicago
54069,Philadelphia
05053,New Orleans
37035,Atlanta
37109,Atlanta
55089,Chicago
55009,Chicago
46135,St Paul
46053,St Paul
05083,New Orleans
05129,New Orleans
08089,Denver
38015,St Paul
55083,Chicago
55071,Chicago
46121,St Paul
46039,St Paul
46011,St Paul
08101,Denver
08003,Denver
08011,Denver
38057,St Paul
38091,St Paul
38083,St Paul
55065,Chicago
55125,Chicago
55109,Chicago
46081,St Paul
46031,St Paul
08014,Denver
12049,Miami
12077,Miami
13161,Atlanta
13197,Atlanta
56045,Denver
05047,New Orleans
05123,New Orleans
47181,New Orleans
13175,Atlanta
13081,Atlanta
13003,Atlanta
01007,New Orleans
38011,St Paul
27117,St Paul
29091,Chicago
47115,New Orleans
47095,New Orleans
13247,Atlanta
13015,Atlanta
17169,Chicago
16047,Salt Lake City
29209,Chicago
31061,St Paul
17015,Chicago
47125,New Orleans
47161,New Orleans
13097,Atlanta
13321,Atlanta
16037,Salt Lake City
17005,Chicago
17187,Chicago
17145,Chicago
17065,Chicago
20015,Chicago
18047,Chicago
19173,St Paul
19109,St Paul
13063,Atlanta
13211,Atlanta
17159,Chicago
17079,Chicago
17049,Chicago
20125,Chicago
20039,Chicago
20089,Chicago
18059,Chicago
50019,Boston
13005,Atlanta
13187,Atlanta
18099,Chicago
19133,St Paul
19051,St Paul
19065,St Paul
19015,St Paul
19183,St Paul
19113,St Paul
19039,St Paul
41063,Seattle
41059,Seattle
33003,Boston
33019,Boston
35009,El Paso
19097,St Paul
26073,Detroit
19059,St Paul
19095,St Paul
19135,St Paul
19197,St Paul
20095,Chicago
20113,Chicago
20151,Chicago
41029,Seattle
02230,Seattle
42039,Philadelphia
35015,El Paso
17067,Chicago
16021,Salt Lake City
26125,Detroit
26047,Detroit
17179,Chicago
20045,Chicago
20101,Chicago
20003,Chicago
20073,Chicago
42015,Philadelphia
44001,Boston
45033,Atlanta
25027,Boston
26097,Detroit
16081,Salt Lake City
16057,Salt Lake City
26035,Detroit
19167,St Paul
27033,St Paul
39143,Detroit
22023,New Orleans
26083,Detroit
26159,Detroit
26149,Detroit
16017,Salt Lake City
17085,Chicago
19103,St Paul
27001,St Paul
20007,Chicago
20121,Chicago
22027,New Orleans
22019,New Orleans
24021,Baltimore
26153,Detroit
26009,Detroit
17167,Chicago
16009,Salt Lake City
40109,Dallas
40017,Dallas
25009,Boston
25019,Boston
27063,St Paul
27169,St Paul
27155,St Paul
17133,Chicago
17059,Chicago
40015,Dallas
01011,New Orleans
20147,Chicago
27099,St Paul
28047,New Orleans
17181,Chicago
17193,Chicago
20201,Chicago
20019,Chicago
20119,Chicago
20077,Chicago
20199,Chicago
28045,New Orleans
28153,New Orleans
28039,New Orleans
17101,Chicago
17131,Chicago
17177,Chicago
01027,New Orleans
21145,Chicago
37179,Atlanta
29119,Chicago
29213,Chicago
29011,Chicago
17203,Chicago
20107,Chicago
29051,Chicago
21117,Chicago
37011,Atlanta
37073,Atlanta
29021,Chicago
29165,Chicago
17113,Chicago
17115,Chicago
21037,Chicago
37185,Atlanta
38051,St Paul
39135,Detroit
29147,Chicago
29111,Chicago
29097,Chicago
20091,Chicago
21041,Chicago
39015,Detroit
39105,Detroit
29009,Chicago
29173,Chicago
29129,Chicago
34017,Newark
18171,Chicago
55101,Chicago
18181,Chicago
18017,Chicago
18081,Chicago
39111,Detroit
39029,Detroit
30067,Salt Lake City
30091,Salt Lake City
31105,St Paul
31029,St Paul
17019,Chicago
20173,Chicago
18039,Chicago
18067,Chicago
18013,Chicago
18109,Chicago
18003,Chicago
18169,Chicago
39093,Detroit
39155,Detroit
40003,Dallas
31169,St Paul
31157,St Paul
31027,St Paul
18115,Chicago
18177,Chicago
18135,Chicago
18137,Chicago
18023,Chicago
18133,Chicago
40139,Dallas
40147,Dallas
40085,Dallas
02105,Seattle
31015,St Paul
31025,St Paul
26081,Detroit
17073,Chicago
19185,St Paul
18025,Chicago
18119,Chicago
19033,St Paul
02150,Seattle
40129,Dallas
31165,St Paul
31131,St Paul
32023,Salt Lake City
26155,Detroit
19053,St Paul
19057,St Paul
55137,Chicago
56009,Denver
56027,Denver
05135,New Orleans
21023,Chicago
25007,Boston
25003,Boston
17137,Chicago
05035,New Orleans
39007,Detroit
02068,Seattle
41049,Seattle
05055,New Orleans
08085,Denver
26023,Detroit
34037,Newark
05089,New Orleans
42105,Philadelphia
42085,Philadelphia
51770,Washington
09120,Boston
12011,Miami
12127,Miami
37195,Atlanta
27025,St Paul
27091,St Paul
26001,Detroit
51011,Washington
51173,Washington
13145,Atlanta
13143,Atlanta
13083,Atlanta
37003,Atlanta
37189,Atlanta
28075,New Orleans
28003,New Orleans
28011,New Orleans
51750,Washington
51630,Washington
51157,Washington
51670,Washington
51640,Washington
13275,Atlanta
13259,Atlanta
38063,St Paul
38047,St Paul
39023,Detroit
39041,Detroit
28095,New Orleans
46017,St Paul
55053,Chicago
55015,Chicago
55005,Chicago
55067,Chicago
13065,Atlanta
17151,Chicago
17023,Chicago
39109,Detroit
39159,Detroit
39019,Detroit
47075,New Orleans
47023,New Orleans
26091,Detroit
26151,Detroit
17195,Chicago
18019,Chicago
40083,Dallas
40091,Dallas
47101,New Orleans
47133,New Orleans
26031,Detroit
26069,Detroit
18153,Chicago
18077,Chicago
18127,Chicago
40107,Dallas
40043,Dallas
27157,St Paul
28005,New Orleans
18075,Chicago
18163,Chicago
18155,Chicago
41053,Seattle
42077,Philadelphia
28027,New Orleans
28147,New Orleans
29153,Chicago
26139,Detroit
26093,Detroit
17095,Chicago
42069,Philadelphia
42093,Philadelphia
46087,St Paul
31129,St Paul
31153,St Paul
31049,St Paul
26101,Detroit
19131,St Paul
26161,Detroit
19129,St Paul
46067,St Paul
46033,St Paul
08017,Denver
01037,New Orleans
22009,New Orleans
31177,St Paul
34029,Newark
17011,Chicago
20191,Chicago
72103,Miami
72077,Miami
72054,Miami
01133,New Orleans
24510,Baltimore
38039,St Paul
39149,Detroit
27071,St Paul
20181,Chicago
21083,Chicago
72049,Miami
30079,Salt Lake City
12061,Miami
37041,Atlanta
39075,Detroit
26095,Detroit
27067,St Paul
27121,St Paul
28099,New Orleans
01045,New Orleans
40071,Dallas
12091,Miami
13099,Atlanta
37143,Atlanta
38033,St Paul
38013,St Paul
28009,New Orleans
29085,Chicago
29065,Chicago
31111,St Paul
31081,St Paul
46105,St Paul
21019,Chicago
46043,St Paul
23005,Boston
13101,Atlanta
13239,Atlanta
39087,Detroit
39053,Detroit
39039,Detroit
38095,St Paul
56023,Denver
55131,Chicago
55077,Chicago
37025,Atlanta
13111,Atlanta
13115,Atlanta
02198,Seattle
40025,Dallas
41037,Seattle
02016,Seattle
42083,Philadelphia
54105,Philadelphia
55097,Chicago
55047,Chicago
40123,Dallas
40097,Dallas
27161,St Paul
27101,St Paul
27039,St Paul
27113,St Paul
28085,New Orleans
42115,Philadelphia
46009,St Paul
47109,New Orleans
47027,New Orleans
55107,Chicago
55021,Chicago
40149,Dallas
40131,Dallas
40127,Dallas
28079,New Orleans
28105,New Orleans
28067,New Orleans
28135,New Orleans
05119,New Orleans
55103,Chicago
55135,Chicago
55087,Chicago
40153,Dallas
40069,Dallas
42075,Philadelphia
28115,New Orleans
28123,New Orleans
28159,New Orleans
28043,New Orleans
47175,New Orleans
42021,Philadelphia
42081,Philadelphia
28019,New Orleans
29101,Chicago
29203,Chicago
49027,Salt Lake City
51099,Washington
42065,Philadelphia
42009,Philadelphia
29073,Chicago
29109,Chicago
29079,Chicago
29215,Chicago
51089,Washington
42109,Philadelphia
42131,Philadelphia
29175,Chicago
29117,Chicago
29125,Chicago
29205,Chicago
51077,Washington
53059,Seattle
45011,Atlanta
29057,Chicago
29185,Chicago
29199,Chicago
30107,Salt Lake City
53003,Seattle
53023,Seattle
45081,Atlanta
45023,Atlanta
30017,Salt Lake City
30033,Salt Lake City
30011,Salt Lake City
30109,Salt Lake City
54053,Philadelphia
55079,Chicago
46107,St Paul
46037,St Paul
46035,St Paul
46077,St Paul
46057,St Paul
31089,St Paul
31079,St Paul
31119,St Paul
55063,Chicago
55123,Chicago
38089,St Paul
38093,St Paul
38043,St Paul
46007,St Paul
46019,St Paul
31019,St Paul
31159,St Paul
31001,St Paul
05111,New Orleans
05141,New Orleans
05079,New Orleans
38045,St Paul
39011,Detroit
39045,Detroit
46102,St Paul
47039,New Orleans
21237,Chicago
21153,Chicago
31101,St Paul
31003,St Paul
31141,St Paul
49001,Salt Lake City
51121,Washington
39151,Detroit
39071,Detroit
39063,Detroit
21223,Chicago
21103,Chicago
22045,New Orleans
22073,New Orleans
31143,St Paul
31173,St Paul
31085,St Paul
51683,Washington
51049,Washington
51540,Washington
39069,Detroit
39083,Detroit
39101,Detroit
39117,Detroit
39055,Detroit
22121,New Orleans
23011,Boston
35006,El Paso
35041,El Paso
35059,El Paso
51036,Washington
51045,Washington
51595,Washington
51600,Washington
51678,Washington
39097,Detroit
39005,Detroit
39031,Detroit
39047,Detroit
26123,Detroit
26107,Detroit
26057,Detroit
26037,Detroit
51580,Washington
51720,Washington
54049,Philadelphia
40103,Dallas
40055,Dallas
26133,Detroit
26039,Detroit
27037,St Paul
37181,Atlanta
37157,Atlanta
38001,St Paul
38075,St Paul
54101,Philadelphia
54079,Philadelphia
40051,Dallas
27111,St Paul
27109,St Paul
27085,St Paul
27095,St Paul
39025,Detroit
39037,Detroit
40053,Dallas
19025,St Paul
47111,New Orleans
27153,St Paul
27009,St Paul
46047,St Paul
01123,New Orleans
18021,Chicago
46061,St Paul
46045,St Paul
21057,Chicago
26111,Detroit
12051,Miami
13297,Atlanta
13263,Atlanta
13277,Atlanta
47047,New Orleans
37005,Atlanta
38021,St Paul
27123,St Paul
27079,St Paul
16019,Salt Lake City
16051,Salt Lake City
17051,Chicago
51071,Washington
51710,Washington
29105,Chicago
50013,Boston
28073,New Orleans
05065,New Orleans
08025,Denver
17147,Chicago
17103,Chicago
17171,Chicago
55105,Chicago
56021,Denver
42119,Philadelphia
53001,Seattle
55139,Chicago
55019,Chicago
13159,Atlanta
17165,Chicago
18031,Chicago
19011,St Paul
17009,Chicago
18097,Chicago
42047,Philadelphia
26085,Detroit
28017,New Orleans
29131,Chicago
01017,New Orleans
17007,Chicago
18091,Chicago
29115,Chicago
29103,Chicago
31023,St Paul
31163,St Paul
37105,Atlanta
29135,Chicago
30065,Salt Lake City
31125,St Paul
19191,St Paul
20103,Chicago
05087,New Orleans
08119,Denver
13223,Atlanta
37107,Atlanta
35053,El Paso
37135,Atlanta
01057,New Orleans
26019,Detroit
13193,Atlanta
16001,Salt Lake City
37061,Atlanta
38073,St Paul
38027,St Paul
38029,St Paul
40021,Dallas
27049,St Paul
29181,Chicago
31031,St Paul
17055,Chicago
32027,Salt Lake City
35027,El Paso
47015,New Orleans
42107,Philadelphia
46029,St Paul
47083,New Orleans
34039,Newark
39085,Detroit
37037,Atlanta
38025,St Paul
53043,Seattle
55081,Chicago
02164,Seattle
40059,Dallas
47069,New Orleans
53039,Seattle
39103,Detroit
39091,Detroit
39175,Detroit
69120,San Francisco
72067,Miami
39107,Detroit
40009,Dallas
42007,Philadelphia
27081,St Paul
39129,Detroit
39121,Detroit
40039,Dallas
39057,Detroit
39127,Detroit
40121,Dallas
72123,Miami
72087,Miami
28023,New Orleans
29149,Chicago
29005,Chicago
31095,St Paul
56025,Denver
69085,San Francisco
72059,Miami
18101,Chicago
40119,Dallas
40011,Dallas
40005,Dallas
46115,St Paul
72057,Miami
12085,Miami
32005,Salt Lake City
17089,Chicago
21207,Chicago
27151,St Paul
29229,Chicago
31151,St Paul
46059,St Paul
46025,St Paul
46097,St Paul
46021,St Paul
13053,Atlanta
17033,Chicago
18141,Chicago
17107,Chicago
29059,Chicago
31063,St Paul
51775,Washington
18087,Chicago
22003,New Orleans
23019,Boston
26045,Detroit
05033,New Orleans
19193,St Paul
01125,New Orleans
31145,St Paul
31033,St Paul
26059,Detroit
19157,St Paul
26087,Detroit
26077,Detroit
26165,Detroit
27005,St Paul
08021,Denver
29155,Chicago
51700,Washington
16011,Salt Lake City
17087,Chicago
17123,Chicago
35019,El Paso
28097,New Orleans
37077,Atlanta
40151,Dallas
51550,Washington
51510,Washington
53051,Seattle
56041,Denver
17141,Chicago
18063,Chicago
18159,Chicago
18049,Chicago
28127,New Orleans
28117,New Orleans
28107,New Orleans
42073,Philadelphia
29186,Chicago
29510,Chicago
55031,Chicago
05071,New Orleans
18033,Chicago
19151,St Paul
19169,St Paul
19013,St Paul
19123,St Paul
28037,New Orleans
28063,New Orleans
31087,St Paul
31107,St Paul
31043,St Paul
55049,Chicago
72099,Miami
19181,St Paul
19087,St Paul
19027,St Paul
19121,St Paul
19035,St Paul
29141,Chicago
30021,Salt Lake City
30025,Salt Lake City
31127,St Paul
33011,Boston
72119,Miami
72107,Miami
20155,Chicago
20109,Chicago
20133,Chicago
20079,Chicago
20001,Chicago
31053,St Paul
31021,St Paul
17183,Chicago
17091,Chicago
20021,Chicago
72075,Miami
72069,Miami
20153,Chicago
21009,Chicago
31041,St Paul
31045,St Paul
31183,St Paul
31117,St Paul
20037,Chicago
18165,Chicago
20029,Chicago
72061,Miami
72145,Miami
21143,Chicago
21173,Chicago
51021,Washington
51197,Washington
31067,St Paul
17121,Chicago
19071,St Paul
72021,Miami
72083,Miami
21105,Chicago
22007,New Orleans
51079,Washington
19155,St Paul
19043,St Paul
72105,Miami
72053,Miami
22061,New Orleans
22093,New Orleans
26143,Detroit
27029,St Paul
51760,Washington
51135,Washington
17037,Chicago
27105,St Paul
17199,Chicago
17053,Chicago
72081,Miami
72033,Miami
72117,Miami
27057,St Paul
27141,St Paul
51570,Washington
55027,Chicago
55017,Chicago
21053,Chicago
01127,New Orleans
72073,Miami
08051,Denver
08039,Denver
27007,St Paul
28145,New Orleans
28035,New Orleans
28031,New Orleans
55041,Chicago
55033,Chicago
40033,Dallas
13069,Atlanta
28061,New Orleans
29047,Chicago
29225,Chicago
29075,Chicago
01081,New Orleans
08045,Denver
09150,Boston
55115,Chicago
18157,Chicago
19171,St Paul
13035,Atlanta
13117,Atlanta
29043,Chicago
29003,Chicago
12063,Miami
17077,Chicago
19023,St Paul
19067,St Paul
19105,St Paul
20085,Chicago
20081,Chicago
20195,Chicago
13255,Atlanta
13043,Atlanta
29219,Chicago
29053,Chicago
29093,Chicago
17001,Chicago
30111,Salt Lake City
20033,Chicago
21113,Chicago
21191,Chicago
13155,Atlanta
13287,Atlanta
30095,Salt Lake City
30103,Salt Lake City
30101,Salt Lake City
19005,St Paul
21213,Chicago
55025,Chicago
21221,Chicago
47139,New Orleans
47137,New Orleans
13109,Atlanta
13007,Atlanta
15005,San Francisco
31035,St Paul
31167,St Paul
31017,St Paul
32021,Salt Lake City
39017,Detroit
27055,St Paul
16063,Salt Lake City
19075,St Paul
19141,St Paul
20135,Chicago
28111,New Orleans
29137,Chicago
29107,Chicago
31039,St Paul
20023,Chicago
29001,Chicago
31137,St Paul
47099,New Orleans
31147,St Paul
17069,Chicago
39033,Detroit
40081,Dallas
46129,St Paul
42037,Philadelphia
46015,St Paul
27019,St Paul
28091,New Orleans
28025,New Orleans
29035,Chicago
31013,St Paul
19007,St Paul
21075,Chicago
20169,Chicago
51520,Washington
40007,Dallas
50011,Boston
54051,Philadelphia
55013,Chicago
16053,Salt Lake City
51820,Washington
55069,Chicago
01029,New Orleans
16045,Salt Lake City
37067,Atlanta
12109,Miami
40073,Dallas
26113,Detroit
35031,El Paso
40037,Dallas
37069,Atlanta
39141,Detroit
46051,St Paul
27045,St Paul
29127,Chicago
46003,St Paul
18111,Chicago
26005,Detroit
47073,New Orleans
51081,Washington
08097,Denver
37097,Atlanta
42013,Philadelphia
20189,Chicago
20071,Chicago
56011,Denver
18079,Chicago
40093,Dallas
72079,Miami
13257,Atlanta
23009,Boston
26065,Detroit
40031,Dallas
18005,Chicago
47171,New Orleans
53077,Seattle
72121,Miami
08041,Denver
42121,Philadelphia
46027,St Paul
39137,Detroit
08073,Denver
19137,St Paul
20047,Chicago
26129,Detroit
35023,El Paso
19115,St Paul
13293,Atlanta
28071,New Orleans
29211,Chicago
31139,St Paul
31109,St Paul
31175,St Paul
37187,Atlanta
21015,Chicago
31133,St Paul
39009,Detroit
72065,Miami
72149,Miami
72091,Miami
17083,Chicago
17081,Chicago
17041,Chicago
41009,Seattle
53069,Seattle
50023,Boston
51610,Washington
41011,Seattle
46109,St Paul
72027,Miami
12035,Miami
13147,Atlanta
20183,Chicago
18037,Chicago
19127,St Paul
20127,Chicago
20185,Chicago
55073,Chicago
01067,New Orleans
17173,Chicago
50025,Boston
08105,Denver
05143,New Orleans
08061,Denver
35001,El Paso
46013,St Paul
47011,New Orleans
16075,Salt Lake City
29177,Chicago
01031,New Orleans
22109,New Orleans
19153,St Paul
39113,Detroit
37071,Atlanta
38079,St Paul
08087,Denver
12043,Miami
47129,New Orleans
39145,Detroit
29045,Chicago
38019,St Paul
49009,Salt Lake City
51013,Washington
39051,Detroit
40045,Dallas
02063,Seattle
13095,Atlanta
13059,Atlanta
42001,Philadelphia
27115,St Paul
55117,Chicago
13017,Atlanta
02060,Seattle
26131,Detroit
13037,Atlanta
33001,Boston
49039,Salt Lake City
13225,Atlanta
17061,Chicago
19079,St Paul
27135,St Paul
28141,New Orleans
29227,Chicago
31057,St Paul
39157,Detroit
39125,Detroit
40061,Dallas
54091,Philadelphia
72135,Miami
72089,Miami
19179,St Paul
20115,Chicago
20163,Chicago
21169,Chicago
18173,Chicago
17143,Chicago
19187,St Paul
20207,Chicago
20053,Chicago
21035,Chicago
13093,Atlanta
16067,Salt Lake City
20063,Chicago
22095,New Orleans
27165,St Paul
28065,New Orleans
29025,Chicago
19061,St Paul
20157,Chicago
21219,Chicago
47051,New Orleans
50003,Boston
29221,Chicago
31121,St Paul
31099,St Paul
31097,St Paul
31011,St Paul
21047,Chicago
18093,Chicago
18179,Chicago
19041,St Paul
55059,Chicago
55095,Chicago
55129,Chicago
17111,Chicago
20035,Chicago
18009,Chicago
39079,Detroit
42057,Philadelphia
45001,Atlanta
20143,Chicago
20027,Chicago
21081,Chicago
53021,Seattle
55085,Chicago
05043,New Orleans
08079,Denver
17029,Chicago
47089,New Orleans
20177,Chicago
56001,Denver
13207,Atlanta
46119,St Paul
72129,Miami
72011,Miami
47177,New Orleans
47169,New Orleans
22069,New Orleans
27131,St Paul
01053,New Orleans
72085,Miami
04011,Phoenix
38041,St Paul
04023,Phoenix
13055,Atlanta
17075,Chicago
20009,Chicago
49031,Salt Lake City
55039,Chicago
05049,New Orleans
35013,El Paso
37033,Atlanta
39169,Detroit
39133,Detroit
40047,Dallas
18143,Chicago
56017,Denver
72019,Miami
40105,Dallas
44003,Boston
28041,New Orleans
42011,Philadelphia
46005,St Paul
27159,St Paul
01079,New Orleans
72013,Miami
72095,Miami
31161,St Paul
17119,Chicago
28155,New Orleans
29161,Chicago
29007,Chicago
09001,Boston
09003,Boston
09005,Boston
09007,Boston
09009,Boston
09011,Boston
09013,Boston
09015,Boston
